<?xml version="1.0" encoding="UTF-8"?>
<project-private xmlns="http://www.netbeans.org/ns/project-private/1">
    <editor-bookmarks xmlns="http://www.netbeans.org/ns/editor-bookmarks/2" lastBookmarkId="0"/>
    <open-files xmlns="http://www.netbeans.org/ns/projectui-open-files/2">
        <group>
            <file>file:/C:/Users/Yeji/OneDrive%20-%20purdue.edu/문서/NetBeansProjects/FinalProject255/src/escape/entity/Entity.java</file>
            <file>file:/C:/Users/Yeji/OneDrive%20-%20purdue.edu/문서/NetBeansProjects/FinalProject255/src/tile/TileManager.java</file>
            <file>file:/C:/Users/Yeji/OneDrive%20-%20purdue.edu/문서/NetBeansProjects/FinalProject255/src/main/GamePanel.java</file>
            <file>file:/C:/Users/Yeji/OneDrive%20-%20purdue.edu/문서/NetBeansProjects/FinalProject255/src/escape/entity/Player.java</file>
            <file>file:/C:/Users/Yeji/OneDrive%20-%20purdue.edu/문서/NetBeansProjects/FinalProject255/src/main/CollisionChecker.java</file>
        </group>
    </open-files>
</project-private>
